Rk,Player,Pos,Age,Tm,G,GS,MP,FG,FGA,FG%,3P,3PA,3P%,2P,2PA,2P%,eFG%,FT,FTA,FT%,ORB,DRB,TRB,AST,STL,BLK,TOV,PF,PTS▼,Player-additional
1,James Harden,SG,28,HOU,72,72,35.4,9.0,20.1,.449,3.7,10.0,.367,5.4,10.1,.531,.541,8.7,10.1,.858,0.6,4.8,5.4,8.8,1.8,0.7,4.4,2.3,30.4,hardeja01
2,Anthony Davis,PF,24,NOP,75,75,36.4,10.4,19.5,.534,0.7,2.2,.340,9.7,17.3,.558,.552,6.6,8.0,.828,2.5,8.6,11.1,2.3,1.5,2.6,2.2,2.1,28.1,davisan02
3,LeBron James,PF,33,CLE,82,82,36.9,10.5,19.3,.542,1.8,5.0,.367,8.6,14.3,.603,.590,4.7,6.5,.731,1.2,7.5,8.6,9.1,1.4,0.9,4.2,1.7,27.5,jamesle01
4,Giannis Antetokounmpo,PF,23,MIL,75,75,36.7,9.9,18.7,.529,0.6,1.9,.307,9.3,16.8,.554,.545,6.5,8.5,.760,2.1,8.0,10.0,4.8,1.5,1.4,3.0,3.1,26.9,antetgi01
5,Damian Lillard,PG,27,POR,73,73,36.6,8.5,19.4,.439,3.1,8.6,.361,5.4,10.8,.501,.519,6.8,7.4,.916,0.8,3.6,4.5,6.6,1.1,0.4,2.8,1.6,26.9,lillada01
6,Kevin Durant,SF,29,GSW,68,68,34.2,9.3,18.0,.516,2.5,6.1,.419,6.7,11.9,.565,.586,5.3,5.9,.889,0.5,6.4,6.8,5.4,0.7,1.8,3.0,2.0,26.4,duranke01
7,Russell Westbrook,PG,29,OKC,80,80,36.4,9.5,21.1,.449,1.2,4.1,.298,8.3,17.0,.485,.477,5.2,7.1,.737,1.9,8.2,10.1,10.3,1.8,0.3,4.8,2.5,25.4,westbru01
8,Kyrie Irving,PG,25,BOS,60,60,32.2,8.9,18.1,.491,2.8,6.8,.408,6.1,11.3,.541,.568,3.9,4.4,.889,0.6,3.2,3.8,5.1,1.1,0.3,2.3,2.0,24.4,irvinky01
9,LaMarcus Aldridge,C,32,SAS,75,75,33.5,9.2,18.0,.510,0.4,1.2,.293,8.8,16.7,.526,.520,4.5,5.3,.837,3.3,5.2,8.5,2.0,0.6,1.2,1.5,2.1,23.1,aldrila01
10,Victor Oladipo,SG,25,IND,75,75,34.0,8.5,17.9,.477,2.1,5.8,.371,6.4,12.1,.528,.537,3.9,4.9,.799,0.6,4.6,5.2,4.3,2.4,0.8,2.9,2.3,23.1,oladivi01
11,DeMar DeRozan,SG,28,TOR,80,80,33.9,8.1,17.7,.456,1.1,3.6,.310,7.0,14.1,.494,.488,5.8,7.0,.825,0.7,3.2,3.9,5.2,1.1,0.3,2.2,1.9,23.0,derozde01
12,Joel Embiid,C,23,PHI,63,63,30.3,8.1,16.8,.483,1.0,3.4,.308,7.0,13.4,.527,.514,5.7,7.4,.769,2.3,8.7,11.0,3.2,0.6,1.8,3.7,3.3,22.9,embiijo01
13,Bradley Beal,SG,24,WAS,82,82,36.3,8.3,18.1,.460,2.4,6.5,.375,5.9,11.6,.507,.527,3.6,4.5,.791,0.7,3.7,4.4,4.5,1.2,0.4,2.6,2.0,22.6,bealbr01
14,Lou Williams,SG,31,LAC,79,19,32.8,7.4,16.9,.435,2.4,6.6,.359,5.0,10.4,.484,.505,5.5,6.2,.880,0.5,2.0,2.5,5.3,1.1,0.2,3.0,1.3,22.6,willilo02
15,Jimmy Butler,SG,28,MIN,59,59,36.7,7.4,15.6,.474,1.2,3.4,.350,6.2,12.2,.509,.512,6.2,7.2,.854,1.3,4.0,5.3,4.9,2.0,0.4,1.8,1.3,22.2,butleji01
16,Kemba Walker,PG,27,CHO,80,80,34.2,7.4,17.0,.431,2.9,7.5,.384,4.5,9.5,.469,.516,4.5,5.3,.864,0.4,2.7,3.1,5.6,1.1,0.3,2.2,1.2,22.1,walkeke02
17,Paul George,SF,27,OKC,79,79,36.6,7.3,17.0,.430,3.1,7.7,.401,4.2,9.3,.454,.521,4.3,5.2,.822,0.9,4.7,5.7,3.3,2.0,0.5,2.7,2.9,21.9,georgpa01
18,Blake Griffin,PF,28,TOT,58,58,34.0,7.5,17.2,.438,1.9,5.6,.345,5.6,11.6,.482,.493,4.5,5.7,.785,1.3,6.1,7.4,5.8,0.7,0.3,2.8,2.4,21.4,griffbl01
19,CJ McCollum,SG,26,POR,81,81,36.1,8.2,18.6,.443,2.3,5.9,.397,5.9,12.7,.465,.506,2.6,3.1,.836,0.7,3.3,4.0,3.4,1.0,0.4,1.9,2.1,21.4,mccolcj01
20,Karl-Anthony Towns,C,22,MIN,82,82,35.6,7.8,14.3,.545,1.5,3.5,.421,6.3,10.8,.585,.596,4.2,4.9,.858,2.9,9.4,12.3,2.4,0.8,1.4,1.9,3.5,21.3,townska01
21,Donovan Mitchell,SG,21,UTA,79,71,33.4,7.5,17.2,.437,2.4,7.0,.340,5.2,10.3,.502,.506,3.0,3.8,.805,0.7,3.1,3.7,3.7,1.5,0.3,2.7,2.7,20.5,mitchdo01
22,Khris Middleton,SF,26,MIL,82,82,36.4,7.2,15.5,.466,1.8,5.0,.359,5.5,10.5,.517,.524,3.9,4.4,.884,0.5,4.7,5.2,4.0,1.5,0.3,2.3,3.3,20.1,middlkh01
23,Klay Thompson,SG,27,GSW,73,73,34.3,7.9,16.2,.488,3.1,7.1,.440,4.7,9.0,.526,.585,1.1,1.3,.837,0.4,3.4,3.8,2.5,0.8,0.5,1.8,1.6,20.0,thompkl01
24,T.J. Warren,SF,24,PHO,65,65,33.0,8.1,16.4,.498,0.3,1.4,.222,7.8,15.0,.523,.507,3.0,3.9,.757,1.9,3.2,5.1,1.3,1.0,0.6,1.3,2.3,19.6,warretj01
25,Dennis Schröder,PG,24,ATL,67,67,31.0,7.5,17.1,.436,1.1,3.9,.290,6.3,13.2,.480,.469,3.4,4.0,.849,0.7,2.4,3.1,6.2,1.1,0.1,2.7,2.2,19.4,schrode01
26,Jrue Holiday,SG,27,NOP,81,81,36.1,7.6,15.4,.494,1.5,4.4,.337,6.1,11.0,.557,.543,2.3,2.9,.786,0.8,3.7,4.5,6.0,1.5,0.8,2.6,2.5,19.0,holidjr01
27,Harrison Barnes,PF,25,DAL,77,77,34.2,7.0,15.7,.445,1.5,4.3,.357,5.4,11.4,.478,.494,3.4,4.1,.827,1.0,5.1,6.1,2.0,0.6,0.2,1.5,1.2,18.9,barneha02
28,Tobias Harris,PF,25,TOT,80,80,33.4,7.0,15.3,.460,2.3,5.6,.411,4.7,9.7,.488,.535,2.2,2.7,.829,0.7,4.7,5.5,2.4,0.9,0.4,1.3,2.1,18.6,harrito02
29,Chris Paul,PG,32,HOU,58,58,31.8,6.3,13.8,.460,2.5,6.5,.380,3.8,7.2,.532,.550,3.5,3.8,.919,0.6,4.8,5.4,7.9,1.7,0.2,2.2,2.4,18.6,paulch01
30,Nikola Jokić,C,22,DEN,75,73,32.6,6.7,13.5,.499,1.5,3.7,.396,5.2,9.7,.538,.554,3.5,4.2,.850,2.6,8.1,10.7,6.1,1.2,0.8,2.8,2.8,18.5,jokicni01
31,Eric Gordon,SG,29,HOU,69,30,31.2,6.0,14.1,.428,3.2,8.8,.359,2.9,5.2,.544,.540,2.8,3.5,.809,0.4,2.1,2.5,2.2,0.6,0.4,1.9,1.7,18.0,gordoer01
32,Eric Bledsoe,PG,28,TOT,74,74,31.4,6.3,13.4,.473,1.7,4.9,.347,4.6,8.5,.545,.536,3.4,4.3,.795,0.7,3.1,3.8,5.0,2.0,0.6,2.9,2.5,17.7,bledser01
33,Andrew Wiggins,SF,22,MIN,82,82,36.3,6.9,15.9,.438,1.4,4.1,.331,5.6,11.7,.475,.481,2.5,3.8,.643,1.0,3.4,4.4,2.0,1.1,0.6,1.7,2.0,17.7,wiggian01
34,Aaron Gordon,PF,22,ORL,58,57,32.9,6.5,14.9,.434,2.0,5.9,.336,4.5,9.0,.497,.500,2.7,3.9,.698,1.5,6.4,7.9,2.3,1.0,0.8,1.8,1.9,17.6,gordoaa01
35,Kevin Love,C,29,CLE,59,59,28.0,5.7,12.4,.458,2.3,5.6,.415,3.3,6.8,.494,.552,4.0,4.5,.880,1.7,7.5,9.3,1.7,0.7,0.4,1.5,2.0,17.6,loveke01
36,Gary Harris,SG,23,DEN,67,65,34.4,6.6,13.6,.485,2.3,5.9,.396,4.2,7.7,.553,.570,2.0,2.4,.827,0.6,2.1,2.6,2.9,1.8,0.2,1.8,1.8,17.5,harriga01
37,Goran Dragić,PG,31,MIA,75,75,31.7,6.5,14.3,.450,1.5,4.0,.370,5.0,10.3,.481,.502,2.9,3.6,.801,0.7,3.4,4.1,4.8,0.8,0.2,2.2,2.4,17.3,dragigo01
38,Marc Gasol,C,33,MEM,73,73,33.0,5.9,14.2,.420,1.5,4.4,.341,4.5,9.8,.456,.473,3.8,4.6,.834,1.1,7.0,8.1,4.2,0.7,1.4,2.7,2.5,17.2,gasolma01
39,J.J. Redick,SG,33,PHI,70,70,30.2,5.8,12.6,.460,2.8,6.6,.420,3.0,6.0,.504,.569,2.8,3.1,.904,0.1,2.4,2.5,3.0,0.5,0.1,1.5,1.8,17.1,redicjj01
40,Jamal Murray,PG,20,DEN,81,80,31.7,5.9,13.1,.451,2.0,5.4,.378,3.9,7.7,.502,.529,2.8,3.1,.905,1.0,2.7,3.7,3.4,1.0,0.3,2.1,2.1,16.7,murraja01
41,Dwight Howard,C,32,CHO,81,81,30.4,6.2,11.2,.555,0.0,0.1,.143,6.2,11.2,.559,.556,4.1,7.2,.574,3.1,9.3,12.5,1.3,0.6,1.6,2.6,3.1,16.6,howardw01
42,Carmelo Anthony,PF,33,OKC,78,78,32.1,6.1,15.0,.404,2.2,6.1,.357,3.9,8.9,.437,.476,1.9,2.5,.767,0.9,4.9,5.8,1.3,0.6,0.6,1.3,2.5,16.2,anthoca01
43,Kyle Lowry,PG,31,TOR,78,78,32.2,5.2,12.1,.427,3.1,7.6,.399,2.1,4.5,.474,.553,2.9,3.3,.854,0.8,4.7,5.6,6.9,1.1,0.2,2.3,2.5,16.2,lowryky01
44,Brandon Ingram,SF,20,LAL,59,59,33.5,6.1,12.9,.470,0.7,1.8,.390,5.4,11.1,.483,.497,3.3,4.8,.681,1.0,4.4,5.3,3.9,0.8,0.7,2.5,2.8,16.1,ingrabr01
45,Kyle Kuzma,PF,22,LAL,77,37,31.2,6.1,13.5,.450,2.1,5.6,.366,4.0,7.9,.511,.527,1.9,2.7,.707,1.1,5.1,6.3,1.8,0.6,0.4,1.8,2.1,16.1,kuzmaky01
46,Julius Randle,C,23,LAL,82,49,26.7,6.1,11.0,.558,0.1,0.5,.222,6.0,10.5,.575,.563,3.7,5.2,.718,2.2,5.8,8.0,2.6,0.5,0.5,2.6,3.3,16.1,randlju01
47,Ben Simmons,PG,21,PHI,81,81,33.7,6.7,12.3,.545,0.0,0.1,.000,6.7,12.2,.551,.545,2.4,4.2,.560,1.8,6.3,8.1,8.2,1.7,0.9,3.4,2.6,15.8,simmobe01
48,Will Barton,SG,27,DEN,81,40,33.1,5.7,12.7,.452,1.9,5.2,.370,3.8,7.5,.510,.528,2.2,2.8,.805,0.9,4.2,5.0,4.1,1.0,0.6,1.8,2.1,15.7,bartowi01
49,Lauri Markkanen,PF,20,CHI,68,68,29.7,5.5,12.7,.434,2.1,5.9,.362,3.4,6.8,.497,.518,2.1,2.4,.843,1.2,6.3,7.5,1.2,0.6,0.6,1.2,1.5,15.2,markkla01
50,Dennis Smith Jr.,PG,20,DAL,69,69,29.7,5.9,14.8,.395,1.5,4.9,.313,4.3,9.9,.435,.446,1.9,2.8,.694,0.7,3.0,3.8,5.2,1.0,0.3,2.8,2.2,15.2,smithde03
51,Austin Rivers,SG,25,LAC,61,59,33.7,5.6,13.2,.424,2.2,5.9,.378,3.4,7.3,.461,.508,1.7,2.6,.642,0.4,1.9,2.4,4.0,1.2,0.3,1.8,2.5,15.1,riverau01
52,Andre Drummond,C,24,DET,78,78,33.7,6.0,11.3,.529,0.0,0.1,.000,6.0,11.2,.536,.529,3.1,5.1,.605,5.1,10.9,16.0,3.0,1.5,1.6,2.6,3.2,15.0,drumman01
53,Rodney Hood,SG,25,TOT,60,23,26.9,5.4,12.5,.429,2.1,5.6,.381,3.3,7.0,.467,.513,1.9,2.2,.860,0.4,2.4,2.8,1.6,0.8,0.2,1.2,1.8,14.7,hoodro01
54,Otto Porter Jr.,SF,24,WAS,77,77,31.6,5.8,11.5,.503,1.8,4.1,.441,4.0,7.4,.537,.581,1.4,1.7,.828,1.3,5.1,6.4,2.0,1.5,0.5,1.0,2.0,14.7,porteot01
55,Dario Šarić,PF,23,PHI,78,73,29.6,5.2,11.4,.453,2.0,5.1,.393,3.2,6.3,.501,.541,2.3,2.7,.860,2.0,4.7,6.7,2.6,0.7,0.3,1.9,2.1,14.6,saricda01
56,Jaylen Brown,SG,21,BOS,70,70,30.7,5.3,11.5,.465,1.7,4.4,.395,3.6,7.1,.507,.540,2.1,3.3,.644,0.9,4.0,4.9,1.6,1.0,0.4,1.8,2.6,14.5,brownja02
57,Zach Randolph,PF,36,SAC,59,57,25.6,6.1,12.9,.473,0.9,2.5,.347,5.3,10.4,.503,.507,1.4,1.8,.785,1.6,5.1,6.7,2.2,0.7,0.2,2.0,2.0,14.5,randoza01
58,Bojan Bogdanović,SF,28,IND,80,80,30.8,5.1,10.7,.474,1.9,4.8,.402,3.1,5.8,.534,.565,2.2,2.6,.868,0.4,3.0,3.4,1.5,0.7,0.1,1.3,1.6,14.3,bogdabo02
59,Jusuf Nurkić,C,23,POR,79,79,26.4,6.1,12.0,.505,0.0,0.1,.000,6.1,11.9,.508,.505,2.2,3.5,.630,2.4,6.6,9.0,1.8,0.8,1.4,2.3,3.1,14.3,nurkiju01
60,Jeff Teague,PG,29,MIN,70,70,33.0,5.1,11.3,.446,1.2,3.3,.368,3.9,8.1,.477,.499,2.9,3.4,.845,0.3,2.6,3.0,7.0,1.5,0.3,2.5,2.4,14.2,teaguje01
61,Enes Freedom,C,25,NYK,71,71,25.8,5.9,10.0,.592,0.0,0.0,.000,5.9,10.0,.594,.592,2.2,2.6,.848,3.8,7.1,11.0,1.5,0.5,0.5,1.7,2.6,14.1,kanteen01
62,Taurean Prince,SF,23,ATL,82,82,30.0,5.1,11.9,.426,2.1,5.6,.385,2.9,6.3,.461,.516,1.9,2.2,.844,0.6,4.1,4.7,2.6,1.0,0.5,2.3,2.0,14.1,princta02
63,Steven Adams,C,24,OKC,76,76,32.7,5.9,9.4,.629,0.0,0.0,.000,5.9,9.3,.631,.629,2.1,3.8,.559,5.1,4.0,9.0,1.2,1.2,1.0,1.7,2.8,13.9,adamsst01
64,Clint Capela,C,23,HOU,74,74,27.5,6.0,9.1,.652,0.0,0.0,.000,6.0,9.1,.653,.652,1.9,3.5,.560,3.3,7.6,10.8,0.9,0.8,1.9,1.4,2.5,13.9,capelca01
65,Jordan Clarkson,SG,25,TOT,81,2,23.3,5.3,11.8,.451,1.4,3.9,.352,3.9,7.9,.500,.509,1.9,2.3,.800,0.7,2.0,2.7,2.7,0.7,0.1,1.6,1.3,13.9,clarkjo01
66,Rondae Hollis-Jefferson,SF,23,BRK,68,59,28.2,5.0,10.6,.472,0.2,0.8,.241,4.8,9.9,.491,.481,3.7,4.6,.788,1.5,5.3,6.8,2.5,1.0,0.7,1.8,2.1,13.9,holliro01
67,Jonathon Simmons,SG,28,ORL,69,50,29.4,5.1,11.0,.465,1.0,3.0,.338,4.1,8.1,.512,.511,2.7,3.5,.768,0.9,2.6,3.5,2.5,0.8,0.2,2.1,2.5,13.9,simmojo02
68,Jayson Tatum,SF,19,BOS,80,80,30.5,5.0,10.4,.475,1.3,3.0,.434,3.7,7.4,.492,.538,2.7,3.2,.826,0.6,4.4,5.0,1.6,1.0,0.7,1.4,2.1,13.9,tatumja01
69,DeMarre Carroll,PF,31,BRK,73,73,29.9,4.5,10.8,.414,2.0,5.4,.371,2.5,5.4,.457,.506,2.6,3.4,.764,1.4,5.1,6.6,2.0,0.8,0.4,1.4,2.3,13.5,carrode01
70,Buddy Hield,SG,25,SAC,80,12,25.3,5.2,11.7,.446,2.2,5.1,.431,3.0,6.6,.457,.540,0.9,1.0,.877,0.7,3.2,3.8,1.9,1.1,0.3,1.6,1.9,13.5,hieldbu01
71,Kentavious Caldwell-Pope,SG,24,LAL,74,74,33.2,4.6,10.8,.426,2.1,5.6,.383,2.4,5.2,.473,.526,2.1,2.6,.789,0.8,4.4,5.2,2.2,1.4,0.2,1.3,2.0,13.4,caldwke01
72,Michael Beasley,PF,29,NYK,74,30,22.3,5.5,10.9,.507,0.5,1.2,.395,5.1,9.7,.520,.528,1.7,2.1,.780,1.3,4.3,5.6,1.7,0.5,0.6,1.9,2.0,13.2,beaslmi01
73,Allen Crabbe,SG,25,BRK,75,68,29.3,4.5,11.0,.407,2.7,7.1,.378,1.8,3.9,.461,.529,1.5,1.8,.852,0.4,3.9,4.3,1.6,0.6,0.5,1.0,2.2,13.2,crabbal01
74,Bobby Portis,PF,22,CHI,73,4,22.5,5.2,11.1,.471,1.1,3.1,.359,4.1,8.1,.514,.520,1.6,2.1,.769,2.2,4.6,6.8,1.7,0.7,0.3,1.4,1.8,13.2,portibo01
75,Josh Jackson,SF,20,PHO,77,35,25.4,5.1,12.1,.417,0.7,2.8,.263,4.3,9.3,.464,.448,2.3,3.6,.634,1.2,3.3,4.6,1.5,1.0,0.5,1.9,2.8,13.1,jacksjo02
76,Ricky Rubio,PG,27,UTA,77,77,29.3,4.5,10.7,.418,1.2,3.5,.352,3.2,7.2,.451,.476,2.9,3.3,.866,0.6,4.0,4.6,5.3,1.6,0.1,2.7,2.7,13.1,rubiori01
77,Brook Lopez,C,29,LAL,74,72,23.4,5.0,10.7,.465,1.5,4.4,.345,3.5,6.3,.549,.536,1.5,2.1,.703,1.0,3.0,4.0,1.7,0.4,1.3,1.3,2.6,13.0,lopezbr01
78,Kent Bazemore,SG,28,ATL,65,65,27.5,4.4,10.4,.420,1.7,4.2,.394,2.7,6.2,.438,.500,2.5,3.1,.796,0.4,3.4,3.8,3.5,1.5,0.7,2.4,2.3,12.9,bazemke01
79,Al Horford,C,31,BOS,72,72,31.6,5.1,10.5,.489,1.3,3.1,.429,3.8,7.3,.514,.553,1.3,1.7,.783,1.4,5.9,7.4,4.7,0.6,1.1,1.8,1.9,12.9,horfoal01
80,Jeremy Lamb,SG,25,CHO,80,18,24.6,4.8,10.4,.457,1.2,3.2,.370,3.6,7.2,.495,.513,2.2,2.6,.861,0.6,3.4,4.1,2.3,0.8,0.4,1.2,1.7,12.9,lambje01
81,Josh Richardson,SF,24,MIA,81,81,33.2,4.9,10.9,.451,1.6,4.1,.378,3.4,6.8,.495,.523,1.5,1.8,.845,0.9,2.7,3.5,2.9,1.5,0.9,1.7,2.5,12.9,richajo01
82,Willie Cauley-Stein,C,24,SAC,73,58,28.0,5.3,10.6,.502,0.0,0.2,.250,5.3,10.4,.506,.504,2.1,3.4,.619,1.8,5.2,7.0,2.4,1.1,0.9,1.5,2.5,12.8,caulewi01
83,Wesley Matthews,SF,31,DAL,63,62,33.8,4.5,11.1,.406,2.4,6.4,.381,2.1,4.7,.441,.516,1.3,1.6,.822,0.4,2.7,3.1,2.7,1.2,0.3,1.3,2.2,12.7,matthwe02
84,Elfrid Payton,PG,23,TOT,63,63,28.7,5.2,10.6,.493,0.5,1.5,.326,4.7,9.1,.520,.516,1.7,2.7,.649,1.0,3.3,4.3,6.2,1.3,0.3,2.7,2.3,12.7,paytoel01
85,Myles Turner,C,21,IND,65,62,28.2,4.7,9.8,.479,0.9,2.4,.357,3.8,7.4,.519,.523,2.5,3.2,.777,1.4,5.0,6.4,1.3,0.6,1.8,1.5,2.9,12.7,turnemy01
86,Jonas Valančiūnas,C,25,TOR,77,77,22.4,5.1,8.9,.568,0.4,1.0,.405,4.7,8.0,.587,.590,2.2,2.7,.806,2.4,6.2,8.6,1.1,0.4,0.9,1.5,2.5,12.7,valanjo01
87,Robert Covington,SF,27,PHI,80,80,31.7,4.3,10.5,.413,2.5,6.9,.369,1.8,3.6,.497,.534,1.5,1.7,.853,0.7,4.7,5.4,2.0,1.7,0.9,1.6,3.0,12.6,covinro01
88,Spencer Dinwiddie,PG,24,BRK,80,58,28.8,4.1,10.5,.387,1.8,5.4,.326,2.3,5.1,.452,.471,2.7,3.4,.813,0.5,2.7,3.2,6.6,0.9,0.3,1.6,2.3,12.6,dinwisp01
89,Serge Ibaka,PF,28,TOR,76,76,27.5,5.0,10.3,.483,1.4,3.9,.360,3.6,6.4,.559,.552,1.2,1.6,.797,1.0,5.3,6.3,0.8,0.4,1.3,1.2,2.8,12.6,ibakase01
90,E'Twaun Moore,SG,28,NOP,82,80,31.5,5.2,10.1,.508,1.6,3.7,.425,3.6,6.5,.556,.585,0.6,0.8,.706,0.7,2.2,2.9,2.3,1.0,0.1,1.2,2.2,12.5,mooreet01
91,Darren Collison,PG,30,IND,69,64,29.2,4.6,9.2,.495,1.4,3.0,.468,3.2,6.3,.508,.571,1.8,2.1,.882,0.5,2.0,2.6,5.3,1.3,0.2,1.2,1.8,12.4,collida01
92,Derrick Favors,C,26,UTA,77,77,28.0,5.1,9.1,.563,0.2,0.8,.222,4.9,8.3,.596,.573,1.8,2.8,.651,2.6,4.6,7.2,1.3,0.7,1.1,1.1,2.1,12.3,favorde01
93,Taj Gibson,PF,32,MIN,82,82,33.2,5.2,9.0,.577,0.1,0.4,.200,5.1,8.6,.595,.581,1.7,2.3,.768,2.4,4.8,7.1,1.2,0.8,0.7,1.1,2.7,12.2,gibsota01
94,Justin Holiday,SG,28,CHI,72,72,31.5,4.0,10.9,.371,2.2,6.2,.359,1.8,4.6,.387,.474,1.9,2.3,.823,0.4,3.6,4.0,2.1,1.1,0.4,1.3,1.9,12.2,holidju01
95,Marco Belinelli,SG,31,TOT,80,2,24.3,4.2,9.6,.441,1.9,4.9,.377,2.4,4.6,.509,.539,1.9,2.0,.908,0.3,1.6,1.9,1.9,0.8,0.2,1.2,1.1,12.1,belinma01
96,Caris LeVert,SF,23,BRK,71,10,26.3,4.5,10.4,.435,1.2,3.5,.347,3.3,6.9,.480,.493,1.9,2.6,.711,0.7,2.9,3.7,4.2,1.2,0.3,2.2,2.2,12.1,leverca01
97,DeAndre Jordan,C,29,LAC,77,77,31.5,4.8,7.5,.645,0.0,0.0,,4.8,7.5,.645,.645,2.4,4.1,.580,4.3,10.9,15.2,1.5,0.5,0.9,1.8,2.6,12.0,jordade01
98,Courtney Lee,SG,32,NYK,76,69,30.4,4.5,9.9,.454,1.5,3.7,.406,3.0,6.3,.482,.529,1.5,1.6,.919,0.4,2.6,2.9,2.4,1.1,0.2,1.1,1.4,12.0,leeco01
99,Dirk Nowitzki,C,39,DAL,77,77,24.7,4.5,9.8,.456,1.8,4.4,.409,2.7,5.5,.494,.547,1.3,1.4,.898,0.3,5.4,5.7,1.6,0.6,0.6,0.7,1.9,12.0,nowitdi01
100,Bogdan Bogdanović,SG,25,SAC,78,53,27.9,4.4,9.9,.446,1.7,4.2,.392,2.8,5.7,.485,.529,1.3,1.5,.840,0.4,2.5,2.9,3.3,0.9,0.2,1.6,2.2,11.8,bogdabo01
101,Robin Lopez,C,29,CHI,64,64,26.4,5.3,10.1,.530,0.1,0.2,.286,5.3,9.9,.536,.533,1.1,1.4,.756,2.1,2.4,4.5,1.9,0.2,0.8,1.7,1.7,11.8,lopezro01
102,Kelly Oubre Jr.,SF,22,WAS,81,11,27.5,3.9,9.8,.403,1.6,4.6,.341,2.4,5.2,.456,.482,2.4,2.9,.820,0.7,3.8,4.5,1.2,1.0,0.4,1.1,2.9,11.8,oubreke01
103,Thaddeus Young,PF,29,IND,81,81,32.2,5.2,10.7,.487,0.7,2.2,.320,4.5,8.4,.531,.521,0.7,1.1,.598,2.3,4.0,6.3,1.9,1.7,0.4,1.3,2.2,11.8,youngth01
104,Trevor Ariza,SF,32,HOU,67,67,33.9,4.0,9.7,.412,2.5,6.9,.368,1.5,2.8,.519,.542,1.1,1.3,.854,0.5,3.9,4.4,1.6,1.5,0.2,0.8,2.0,11.7,arizatr01
105,Tyler Johnson,PG,25,MIA,72,39,28.5,4.3,9.9,.435,1.7,4.5,.367,2.6,5.4,.491,.518,1.5,1.8,.822,0.5,3.0,3.4,2.3,0.8,0.5,1.1,2.1,11.7,johnsty01
106,J.J. Barea,PG,33,DAL,69,10,23.2,4.4,10.0,.439,1.7,4.5,.367,2.7,5.5,.499,.522,1.2,1.5,.784,0.2,2.7,2.9,6.3,0.5,0.0,2.1,1.2,11.6,bareajo01
107,Nicolas Batum,SG,29,CHO,64,64,31.0,4.2,10.2,.415,1.4,4.3,.336,2.8,5.9,.473,.486,1.7,2.0,.831,0.9,3.9,4.8,5.5,1.0,0.4,2.0,1.1,11.6,batumni01
108,De'Aaron Fox,PG,20,SAC,73,60,27.8,4.5,10.9,.412,0.6,2.1,.307,3.8,8.8,.436,.441,1.9,2.7,.723,0.5,2.3,2.8,4.4,1.0,0.3,2.4,2.2,11.6,foxde01
109,Domantas Sabonis,C,21,IND,74,19,24.5,4.6,8.9,.514,0.2,0.5,.351,4.4,8.4,.524,.524,2.3,3.0,.750,2.2,5.5,7.7,2.0,0.5,0.4,1.9,3.0,11.6,sabondo01
110,Joe Ingles,SF,30,UTA,82,81,31.4,4.1,8.8,.467,2.5,5.7,.440,1.6,3.1,.516,.609,0.8,1.0,.795,0.3,3.9,4.2,4.8,1.1,0.2,1.9,2.2,11.5,inglejo01
111,Markieff Morris,PF,28,WAS,73,73,27.0,4.5,9.4,.480,1.0,2.8,.367,3.5,6.6,.529,.536,1.4,1.8,.820,1.0,4.6,5.6,1.9,0.8,0.5,1.7,3.0,11.5,morrima02
112,Kelly Olynyk,PF,26,MIA,76,22,23.4,4.2,8.4,.497,1.4,3.7,.379,2.8,4.7,.590,.580,1.8,2.3,.770,1.2,4.5,5.7,2.7,0.8,0.5,1.9,2.9,11.5,olynyke01
113,Dwyane Wade,SG,36,TOT,67,3,22.9,4.5,10.2,.438,0.5,1.7,.288,4.0,8.5,.468,.462,2.0,2.8,.714,0.7,3.0,3.8,3.4,0.9,0.7,2.1,1.9,11.4,wadedw01
114,Reggie Bullock,SF,26,DET,62,52,27.9,4.3,8.8,.489,2.0,4.5,.445,2.3,4.3,.536,.603,0.6,0.8,.796,0.4,2.0,2.5,1.5,0.8,0.2,0.8,1.1,11.3,bullore01
115,Terry Rozier,PG,23,BOS,80,16,25.9,4.0,10.0,.395,1.9,5.0,.381,2.0,5.0,.410,.491,1.4,1.9,.772,0.8,3.9,4.7,2.9,1.0,0.2,1.0,1.5,11.3,roziete01
116,Wayne Ellington,SG,30,MIA,77,2,26.5,3.7,9.1,.407,2.9,7.5,.392,0.8,1.6,.479,.569,0.9,1.0,.859,0.3,2.5,2.8,1.0,0.7,0.1,0.7,1.2,11.2,ellinwa01
117,Frank Kaminsky,PF,24,CHO,79,4,23.2,3.9,9.1,.429,1.3,3.5,.380,2.6,5.6,.459,.501,2.0,2.5,.799,0.6,3.1,3.6,1.6,0.5,0.2,0.8,1.2,11.1,kaminfr01
118,Dillon Brooks,SF,22,MEM,82,74,28.7,4.1,9.4,.440,1.1,3.2,.356,3.0,6.2,.484,.501,1.5,2.0,.747,0.6,2.5,3.1,1.6,0.9,0.2,1.5,2.8,11.0,brookdi01
119,Draymond Green,PF,27,GSW,70,70,32.7,4.0,8.8,.454,1.1,3.7,.301,2.9,5.2,.562,.516,1.9,2.5,.775,1.1,6.6,7.6,7.3,1.4,1.3,2.9,2.6,11.0,greendr01
120,Montrezl Harrell,C,24,LAC,76,3,17.0,4.6,7.2,.635,0.0,0.1,.143,4.6,7.1,.641,.636,1.8,2.9,.626,1.4,2.7,4.0,1.0,0.5,0.7,0.9,1.9,11.0,harremo01
121,Ersan İlyasova,PF,30,TOT,69,43,25.1,4.0,8.9,.452,1.3,3.7,.360,2.7,5.2,.517,.526,1.5,2.0,.778,1.7,4.2,5.9,1.3,0.9,0.4,1.0,2.3,10.9,ilyaser01
122,Ish Smith,PG,29,DET,82,35,24.9,4.7,9.8,.486,0.4,1.2,.347,4.3,8.5,.506,.507,1.0,1.4,.698,0.3,2.4,2.7,4.4,0.8,0.2,1.3,1.7,10.9,smithis01
123,Jeff Green,PF,31,CLE,78,13,23.4,3.8,7.9,.477,0.7,2.2,.312,3.1,5.7,.540,.520,2.6,3.0,.868,0.8,2.4,3.2,1.3,0.5,0.4,1.0,1.9,10.8,greenje02
124,Joe Harris,SG,26,BRK,78,14,25.3,3.9,8.0,.491,1.9,4.6,.419,2.0,3.4,.589,.612,1.1,1.3,.827,0.7,2.7,3.3,1.6,0.4,0.3,1.2,2.0,10.8,harrijo01
125,James Johnson,PF,30,MIA,73,41,26.6,4.2,8.4,.503,0.8,2.5,.308,3.5,5.9,.587,.550,1.5,2.2,.698,0.8,4.1,4.9,3.8,1.0,0.7,1.9,2.6,10.8,johnsja01
126,John Collins,PF,20,ATL,74,26,24.1,4.2,7.4,.576,0.2,0.6,.340,4.0,6.7,.598,.591,1.8,2.5,.715,2.4,4.9,7.3,1.3,0.6,1.1,1.4,2.9,10.5,collijo01
127,Jamal Crawford,SG,37,MIN,80,0,20.7,3.9,9.3,.415,1.3,3.9,.331,2.6,5.4,.477,.485,1.3,1.4,.903,0.3,1.0,1.2,2.3,0.5,0.1,1.2,1.1,10.3,crawfja01
128,D.J. Augustin,PG,30,ORL,75,36,23.5,3.3,7.2,.452,1.5,3.6,.419,1.7,3.6,.485,.557,2.2,2.5,.868,0.4,1.7,2.1,3.8,0.7,0.0,1.6,1.3,10.2,augusdj01
129,Yogi Ferrell,SG,24,DAL,82,21,27.8,3.8,8.9,.426,1.6,4.4,.373,2.2,4.5,.477,.518,1.0,1.3,.796,0.3,2.7,3.0,2.5,0.8,0.1,1.0,1.9,10.2,ferreyo01
130,Denzel Valentine,SG,24,CHI,77,37,27.2,3.9,9.4,.417,1.9,4.8,.386,2.1,4.6,.450,.517,0.5,0.7,.745,0.6,4.5,5.1,3.2,0.8,0.1,1.3,2.4,10.2,valende01
131,Pau Gasol,C,37,SAS,77,63,23.5,3.7,8.1,.458,0.6,1.6,.358,3.2,6.6,.481,.492,2.1,2.7,.756,1.7,6.4,8.0,3.1,0.3,1.0,1.4,1.6,10.1,gasolpa01
132,Wilson Chandler,SF,30,DEN,74,71,31.7,3.8,8.5,.445,1.2,3.3,.358,2.6,5.2,.501,.515,1.2,1.5,.772,1.4,4.0,5.4,2.1,0.6,0.5,1.2,2.1,10.0,chandwi01
133,Dewayne Dedmon,C,28,ATL,62,46,24.9,4.0,7.7,.524,0.8,2.3,.355,3.2,5.4,.595,.577,1.1,1.4,.779,1.6,6.3,7.9,1.5,0.6,0.8,1.4,2.6,10.0,dedmode01
134,George Hill,PG,31,TOT,67,60,27.0,3.5,7.7,.460,1.3,3.1,.415,2.3,4.6,.490,.543,1.6,2.1,.786,0.6,2.1,2.7,2.8,0.9,0.4,1.3,1.9,10.0,hillge01
135,C.J. Miles,SF,30,TOR,70,3,19.1,3.2,8.6,.379,2.3,6.5,.361,0.9,2.1,.434,.516,1.2,1.4,.835,0.3,1.9,2.2,0.8,0.5,0.3,0.6,1.9,10.0,milescj01
136,Patty Mills,PG,29,SAS,82,36,25.7,3.4,8.3,.411,1.9,5.0,.372,1.5,3.3,.470,.523,1.3,1.4,.890,0.3,1.6,1.9,2.8,0.7,0.1,1.3,1.6,10.0,millspa02
137,Trey Lyles,PF,22,DEN,73,2,19.1,3.7,7.5,.491,1.1,3.0,.381,2.6,4.5,.563,.566,1.4,2.0,.706,0.8,4.0,4.8,1.2,0.4,0.5,0.8,1.5,9.9,lylestr01
138,Jae Crowder,SF,27,TOT,80,47,26.1,3.4,8.4,.404,1.4,4.3,.323,2.0,4.1,.488,.486,1.5,1.9,.818,0.7,2.7,3.4,1.2,0.8,0.3,0.9,2.3,9.7,crowdja01
139,Mario Hezonja,SF,22,ORL,75,30,22.1,3.6,8.2,.442,1.2,3.6,.337,2.4,4.7,.523,.515,1.1,1.4,.819,0.5,3.2,3.7,1.4,1.1,0.4,1.1,1.8,9.6,hezonma01
140,Marvin Williams,PF,31,CHO,78,78,25.7,3.3,7.2,.458,1.6,3.9,.413,1.7,3.3,.512,.570,1.3,1.6,.829,0.9,3.8,4.7,1.2,0.7,0.5,0.8,1.5,9.5,willima02
141,Al-Farouq Aminu,PF,27,POR,69,67,30.0,3.3,8.4,.395,1.8,4.9,.369,1.5,3.5,.432,.503,0.9,1.2,.738,1.4,6.2,7.6,1.2,1.1,0.6,1.1,2.0,9.3,aminual01
142,Ryan Anderson,PF,29,HOU,66,50,26.1,3.1,7.3,.431,2.0,5.1,.386,1.2,2.1,.539,.568,1.1,1.4,.774,1.4,3.6,5.0,0.9,0.4,0.3,0.6,1.9,9.3,anderry01
143,Michael Kidd-Gilchrist,SF,24,CHO,74,74,25.0,3.8,7.6,.504,0.0,0.0,.000,3.8,7.5,.505,.504,1.6,2.3,.684,1.1,2.9,4.1,1.0,0.7,0.4,0.7,1.9,9.2,kiddgmi01
144,Kyle Korver,SG,36,CLE,73,4,21.6,3.0,6.6,.459,2.2,5.2,.436,0.8,1.5,.537,.628,0.9,1.0,.889,0.1,2.1,2.3,1.2,0.4,0.4,0.8,1.8,9.2,korveky01
145,Lance Stephenson,SG,27,IND,82,7,22.6,3.7,8.6,.427,0.8,2.8,.289,2.9,5.8,.495,.475,1.0,1.5,.661,0.8,4.4,5.2,2.9,0.6,0.2,1.6,2.2,9.2,stephla01
146,Troy Daniels,SG,26,PHO,79,15,20.5,2.9,7.3,.403,2.3,5.8,.400,0.6,1.5,.419,.563,0.7,0.8,.875,0.2,1.5,1.6,0.6,0.3,0.1,0.7,1.7,8.9,danietr01
147,Manu Ginóbili*,SG,40,SAS,65,0,20.0,3.1,7.1,.434,1.0,3.0,.333,2.1,4.2,.506,.503,1.7,2.0,.840,0.3,1.9,2.2,2.5,0.7,0.2,1.6,1.9,8.9,ginobma01
148,Anthony Tolliver,PF,32,DET,79,14,22.2,2.8,6.0,.464,2.0,4.6,.436,0.8,1.4,.561,.632,1.3,1.7,.797,0.6,2.4,3.1,1.1,0.4,0.3,0.7,1.8,8.9,tollian01
149,John Henson,C,27,MIL,76,69,25.9,3.8,6.6,.572,0.0,0.1,.143,3.8,6.5,.578,.573,1.2,2.1,.570,2.0,4.8,6.8,1.5,0.6,1.4,1.1,2.7,8.8,hensojo01
150,Mike Scott,PF,29,WAS,76,1,18.5,3.6,6.9,.527,0.9,2.1,.405,2.8,4.8,.582,.590,0.7,1.0,.658,0.7,2.6,3.3,1.1,0.3,0.1,1.0,1.9,8.8,scottmi01
151,Stanley Johnson,SF,21,DET,69,50,27.4,3.0,8.1,.375,1.0,3.4,.286,2.1,4.7,.439,.435,1.6,2.1,.772,0.5,3.2,3.7,1.6,1.4,0.2,1.1,2.4,8.7,johnsst04
152,Skal Labissière,PF,21,SAC,60,28,20.7,3.4,7.6,.448,0.3,0.9,.353,3.1,6.8,.459,.467,1.6,2.0,.805,1.7,3.2,4.8,1.2,0.4,0.8,1.2,2.2,8.7,labissk01
153,Larry Nance Jr.,C,25,TOT,66,27,21.5,3.6,6.3,.581,0.0,0.2,.167,3.6,6.1,.594,.584,1.4,2.1,.664,2.4,4.4,6.8,1.2,1.3,0.6,0.8,2.6,8.7,nancela02
154,Shabazz Napier,PG,26,POR,74,10,20.7,3.0,7.2,.420,1.1,2.9,.376,1.9,4.2,.450,.497,1.6,1.9,.841,0.4,1.9,2.3,2.0,1.1,0.2,1.2,1.1,8.7,napiesh01
155,Danny Green,SG,30,SAS,70,60,25.6,3.1,8.0,.387,1.7,4.6,.363,1.4,3.4,.419,.490,0.7,0.9,.769,0.6,3.0,3.6,1.6,0.9,1.1,1.1,1.7,8.6,greenda02
156,Emmanuel Mudiay,PG,21,TOT,64,14,19.5,3.2,8.2,.388,0.7,2.3,.318,2.5,5.9,.415,.433,1.5,2.0,.760,0.4,2.0,2.4,3.2,0.6,0.2,1.8,1.3,8.6,mudiaem01
157,Fred VanVleet,PG,23,TOR,76,0,20.0,3.1,7.2,.426,1.4,3.4,.414,1.6,3.7,.437,.525,1.1,1.3,.832,0.3,2.1,2.4,3.2,0.9,0.3,1.0,1.7,8.6,vanvlfr01
158,Alex Len,C,24,PHO,69,13,20.2,3.1,5.5,.566,0.0,0.0,.333,3.1,5.4,.568,.567,2.3,3.3,.684,2.5,5.0,7.5,1.2,0.4,0.9,1.1,2.3,8.5,lenal01
159,Dwight Powell,C,26,DAL,79,25,21.2,3.2,5.4,.593,0.4,1.1,.333,2.9,4.4,.656,.626,1.7,2.3,.719,1.7,3.9,5.6,1.2,0.8,0.4,0.7,2.4,8.5,poweldw01
160,Marcin Gortat,C,33,WAS,82,82,25.3,3.5,6.8,.518,0.0,0.0,,3.5,6.8,.518,.518,1.3,2.0,.675,2.2,5.4,7.6,1.8,0.5,0.7,1.2,2.1,8.4,gortama01
161,Jerami Grant,PF,23,OKC,81,1,20.3,3.0,5.6,.535,0.4,1.4,.291,2.6,4.3,.613,.570,2.0,3.0,.675,1.1,2.9,3.9,0.7,0.4,1.0,0.7,1.9,8.4,grantje01
162,Jerian Grant,PG,25,CHI,74,26,22.8,2.8,6.8,.416,0.8,2.5,.326,2.0,4.3,.468,.476,1.9,2.5,.745,0.4,1.9,2.3,4.6,0.9,0.1,1.2,1.8,8.4,grantje02
163,Devin Harris,PG,34,TOT,71,1,18.9,2.6,6.4,.412,1.1,3.2,.348,1.5,3.2,.476,.499,2.0,2.4,.835,0.2,1.6,1.8,2.1,0.7,0.2,1.1,2.2,8.4,harride01
164,Garrett Temple,SG,31,SAC,65,35,24.8,3.1,7.3,.418,1.4,3.5,.392,1.7,3.8,.442,.512,0.9,1.2,.769,0.3,2.0,2.3,1.9,0.9,0.4,1.2,2.1,8.4,templga01
165,Rajon Rondo,PG,31,NOP,65,63,26.2,3.6,7.6,.468,0.8,2.3,.333,2.8,5.3,.526,.518,0.4,0.7,.543,0.5,3.6,4.0,8.2,1.1,0.2,2.3,1.8,8.3,rondora01
166,J.R. Smith,SG,32,CLE,80,61,28.1,3.0,7.4,.403,1.8,4.8,.375,1.2,2.7,.453,.524,0.5,0.7,.696,0.4,2.6,2.9,1.8,0.9,0.1,1.0,2.0,8.3,smithjr01
167,Jarrett Allen,C,19,BRK,72,31,20.0,3.3,5.5,.589,0.1,0.2,.333,3.2,5.3,.599,.596,1.6,2.0,.776,2.0,3.4,5.4,0.7,0.4,1.2,1.1,2.0,8.2,allenja01
168,Evan Turner,SF,29,POR,79,40,25.7,3.3,7.3,.447,0.5,1.7,.318,2.7,5.6,.485,.484,1.2,1.4,.850,0.4,2.7,3.1,2.2,0.6,0.4,1.3,2.1,8.2,turneev01
169,Dejounte Murray,PG,21,SAS,81,48,21.5,3.3,7.5,.443,0.1,0.4,.265,3.2,7.1,.454,.451,1.3,1.8,.709,1.4,4.3,5.7,2.9,1.2,0.4,1.7,1.9,8.1,murrade01
170,Delon Wright,PG,25,TOR,69,4,20.8,2.9,6.3,.465,0.8,2.2,.366,2.1,4.0,.520,.530,1.4,1.7,.829,0.7,2.2,2.9,2.9,1.0,0.5,1.1,1.2,8.0,wrighde01
171,Kyle Anderson,SF,24,SAS,74,67,26.7,3.1,5.9,.527,0.3,0.8,.333,2.9,5.1,.556,.549,1.4,2.0,.712,1.1,4.2,5.4,2.7,1.6,0.8,1.3,1.5,7.9,anderky01
172,Josh Hart,SG,22,LAL,63,23,23.2,2.8,6.0,.469,1.2,3.1,.396,1.6,2.8,.551,.573,1.0,1.5,.702,0.7,3.5,4.2,1.3,0.7,0.3,0.7,1.7,7.9,hartjo01
173,Cory Joseph,PG,26,IND,82,17,27.0,3.1,7.4,.424,0.8,2.3,.353,2.3,5.0,.457,.479,0.9,1.1,.745,0.5,2.7,3.2,3.2,1.0,0.2,1.1,1.7,7.9,josepco01
174,David Nwaba,SG,25,CHI,70,21,23.5,2.9,6.0,.478,0.3,0.7,.346,2.6,5.3,.496,.499,1.9,2.9,.655,1.3,3.4,4.7,1.5,0.8,0.4,1.1,2.3,7.9,nwabada01
175,Doug McDermott,SF,26,TOT,81,4,21.8,2.9,6.3,.467,1.1,2.7,.426,1.8,3.6,.497,.557,0.8,1.0,.790,0.5,2.0,2.5,1.0,0.2,0.2,0.7,1.5,7.8,mcderdo01
176,Darius Miller,SF,27,NOP,82,3,23.7,2.6,5.9,.444,1.8,4.4,.411,0.8,1.6,.535,.594,0.7,0.8,.866,0.2,1.8,2.0,1.4,0.3,0.2,0.7,2.0,7.8,milleda01
177,Tyler Ulis,PG,22,PHO,71,43,23.4,3.0,7.8,.388,0.6,2.1,.288,2.4,5.7,.425,.426,1.2,1.4,.832,0.3,1.5,1.8,4.4,1.0,0.1,1.8,1.7,7.8,ulisty01
178,Justise Winslow,PF,21,MIA,68,25,24.7,3.0,7.2,.424,0.7,1.9,.380,2.3,5.3,.440,.474,1.0,1.5,.635,0.9,4.5,5.4,2.2,0.8,0.5,1.1,2.1,7.8,winslju01
179,Alec Burks,SG,26,UTA,64,1,16.5,2.7,6.5,.411,0.7,2.2,.331,1.9,4.3,.452,.467,1.7,1.9,.863,0.3,2.7,3.0,1.0,0.6,0.1,0.9,1.2,7.7,burksal01
180,Mario Chalmers,PG,31,MEM,66,10,21.5,2.5,6.7,.379,0.8,2.9,.277,1.7,3.8,.456,.439,1.8,2.1,.855,0.2,2.2,2.4,3.0,1.2,0.2,1.8,2.7,7.7,chalmma01
181,Marquese Chriss,PF,20,PHO,72,49,21.2,2.8,6.6,.423,0.8,2.6,.295,2.0,4.0,.509,.482,1.3,2.2,.608,1.1,4.4,5.5,1.2,0.7,1.0,1.5,2.8,7.7,chrisma01
182,Jarell Martin,PF,23,MEM,73,36,22.8,3.0,6.8,.446,0.5,1.3,.347,2.6,5.5,.470,.480,1.2,1.6,.767,1.3,3.0,4.4,1.0,0.5,0.7,1.2,2.9,7.7,martija01
183,Luke Kennard,SG,21,DET,73,9,20.0,2.8,6.4,.443,1.1,2.7,.415,1.7,3.7,.463,.530,0.9,1.0,.855,0.3,2.1,2.4,1.7,0.6,0.2,0.9,1.2,7.6,kennalu01
184,Jarrett Jack,PG,34,NYK,62,56,25.0,3.0,7.1,.427,0.4,1.4,.291,2.6,5.8,.459,.455,1.0,1.2,.840,0.4,2.7,3.1,5.6,0.6,0.1,1.9,1.6,7.5,jackja01
185,Luc Mbah a Moute,PF,31,HOU,61,15,25.6,2.7,5.7,.481,1.0,2.8,.364,1.7,2.8,.599,.572,1.1,1.6,.684,0.4,2.7,3.0,0.9,1.2,0.4,1.1,1.6,7.5,mbahalu01
186,Ian Clark,SG,26,NOP,74,2,19.7,3.0,6.7,.448,0.8,2.6,.318,2.2,4.1,.533,.511,0.6,0.8,.763,0.1,1.6,1.7,1.5,0.4,0.1,0.8,1.6,7.4,clarkia01
187,Pascal Siakam,PF,23,TOR,81,5,20.7,3.1,6.1,.508,0.4,1.6,.220,2.8,4.5,.612,.537,0.7,1.1,.621,1.0,3.5,4.5,2.0,0.8,0.5,0.8,2.0,7.3,siakapa01
188,Nick Young,SG,32,GSW,80,8,17.4,2.5,6.1,.412,1.5,4.1,.377,1.0,2.0,.481,.538,0.7,0.8,.862,0.3,1.3,1.6,0.5,0.5,0.1,0.5,1.3,7.3,youngni01
189,Tomáš Satoranský,SG,26,WAS,73,30,22.5,2.8,5.3,.523,0.6,1.4,.465,2.1,3.9,.544,.585,1.0,1.3,.781,1.0,2.2,3.2,3.9,0.7,0.2,1.1,1.8,7.2,satorto01
190,James Ennis III,SF,27,TOT,72,22,22.3,2.5,5.3,.474,0.7,2.1,.333,1.8,3.2,.567,.540,1.3,1.6,.836,1.0,2.1,3.1,1.0,0.7,0.3,0.8,1.9,7.1,ennisja01
191,Kyle O'Quinn,C,27,NYK,77,10,18.0,2.9,5.0,.583,0.1,0.2,.235,2.9,4.8,.599,.589,1.3,1.6,.772,1.6,4.5,6.1,2.1,0.5,1.3,1.3,2.5,7.1,oquinky01
192,Mason Plumlee,C,27,DEN,74,26,19.4,3.0,5.0,.601,0.0,0.0,.000,3.0,5.0,.602,.601,1.1,2.4,.458,1.8,3.6,5.4,1.9,0.7,1.1,1.4,2.5,7.1,plumlma01
193,Bam Adebayo,C,20,MIA,69,19,19.8,2.5,4.9,.512,0.0,0.1,.000,2.5,4.8,.523,.512,1.9,2.6,.721,1.7,3.8,5.5,1.5,0.5,0.6,1.0,2.0,6.9,adebaba01
194,Raymond Felton,PG,33,OKC,82,2,16.6,2.7,6.7,.406,1.0,2.8,.352,1.7,3.9,.444,.479,0.4,0.5,.818,0.3,1.6,1.9,2.5,0.6,0.2,0.9,1.1,6.9,feltora01
195,Bryn Forbes,SG,24,SAS,80,12,19.0,2.6,6.2,.421,1.1,2.9,.390,1.5,3.4,.446,.510,0.6,0.9,.667,0.2,1.2,1.4,1.0,0.4,0.0,0.5,1.4,6.9,forbebr01
196,Shelvin Mack,PG,27,ORL,69,3,19.8,2.6,6.0,.430,0.7,2.0,.345,1.9,4.0,.473,.488,1.0,1.4,.711,0.3,2.1,2.4,3.9,0.8,0.1,1.3,1.3,6.9,macksh01
197,Jakob Poeltl,C,22,TOR,82,0,18.6,3.1,4.7,.659,0.0,0.0,.500,3.1,4.7,.660,.660,0.7,1.2,.594,2.0,2.8,4.8,0.7,0.5,1.2,1.0,2.6,6.9,poeltja01
198,Tony Snell,SG,26,MIL,75,59,27.4,2.5,5.7,.435,1.4,3.6,.403,1.0,2.1,.490,.562,0.5,0.6,.792,0.1,1.8,1.9,1.3,0.6,0.4,0.5,1.5,6.9,snellto01
199,Nemanja Bjelica,PF,29,MIN,67,21,20.5,2.6,5.5,.461,1.1,2.7,.415,1.4,2.8,.505,.563,0.5,0.7,.800,0.8,3.3,4.1,1.3,0.7,0.2,0.8,2.1,6.8,bjeline01
200,David West,C,37,GSW,73,0,13.7,3.0,5.2,.571,0.0,0.1,.375,2.9,5.1,.576,.575,0.8,1.1,.759,0.9,2.4,3.3,1.9,0.6,1.0,1.1,1.6,6.8,westda01
201,Justin Jackson,SF,22,SAC,68,41,22.1,2.7,6.2,.442,0.8,2.7,.308,1.9,3.4,.547,.510,0.4,0.5,.722,0.4,2.4,2.8,1.1,0.4,0.2,0.6,1.2,6.7,jacksju01
202,Kosta Koufos,C,28,SAC,71,13,19.6,3.1,5.5,.571,0.0,0.0,,3.1,5.5,.571,.571,0.5,1.0,.446,2.1,4.5,6.6,1.2,0.7,0.5,0.7,2.1,6.7,koufoko01
203,Malik Monk,SG,19,CHO,63,0,13.6,2.4,6.7,.360,1.3,3.9,.342,1.1,2.9,.385,.458,0.5,0.6,.842,0.1,0.9,1.0,1.4,0.3,0.1,0.8,1.0,6.7,monkma01
204,Tyler Zeller,C,28,TOT,66,34,16.8,2.8,5.1,.560,0.2,0.4,.357,2.7,4.6,.578,.575,0.9,1.2,.722,1.7,3.0,4.6,0.7,0.2,0.5,0.7,1.9,6.7,zellety01
205,Isaiah Taylor,PG,23,ATL,67,9,17.4,2.4,5.8,.418,0.3,1.2,.250,2.1,4.6,.461,.444,1.5,2.1,.702,0.3,1.1,1.4,3.1,0.5,0.1,1.3,1.7,6.6,taylois01
206,Dragan Bender,PF,20,PHO,82,37,25.2,2.3,5.9,.386,1.4,3.9,.366,0.8,2.0,.426,.508,0.5,0.6,.765,0.5,3.9,4.4,1.6,0.3,0.6,1.4,2.0,6.5,bendedr01
207,Maurice Harkless,SF,24,POR,59,36,21.4,2.5,5.0,.495,0.8,2.0,.415,1.7,3.0,.547,.577,0.7,1.0,.712,0.8,2.0,2.7,0.9,0.8,0.7,0.7,1.7,6.5,harklma01
208,Trevor Booker,PF,30,TOT,68,7,17.0,2.6,5.0,.516,0.1,0.5,.242,2.5,4.6,.545,.528,1.0,1.4,.710,1.7,3.0,4.7,1.2,0.4,0.3,0.9,1.8,6.3,booketr01
209,T.J. McConnell,PG,25,PHI,76,1,22.4,2.8,5.5,.499,0.4,0.8,.435,2.4,4.7,.510,.531,0.4,0.5,.795,0.5,2.5,3.0,4.0,1.2,0.2,1.5,1.6,6.3,mccontj01
210,Jodie Meeks,SG,30,WAS,77,0,14.5,2.0,5.1,.399,0.9,2.7,.343,1.1,2.4,.464,.491,1.3,1.5,.863,0.2,1.4,1.6,0.9,0.4,0.1,0.5,0.7,6.3,meeksjo01
211,Langston Galloway,SG,26,DET,58,2,14.9,2.2,5.9,.371,1.3,3.8,.344,0.9,2.1,.418,.481,0.6,0.7,.805,0.2,1.4,1.6,1.0,0.6,0.1,0.3,0.7,6.2,gallola01
212,P.J. Tucker,PF,32,HOU,82,34,27.8,2.1,5.4,.390,1.4,3.8,.371,0.7,1.6,.435,.520,0.5,0.7,.717,1.1,4.4,5.6,0.9,1.0,0.3,0.9,2.5,6.1,tuckepj01
213,Aron Baynes,C,31,BOS,81,67,18.3,2.6,5.5,.471,0.0,0.3,.143,2.6,5.2,.487,.474,0.7,1.0,.756,1.6,3.8,5.4,1.1,0.3,0.6,1.0,2.5,6.0,baynear01
214,Andre Iguodala,SF,34,GSW,64,7,25.3,2.3,5.0,.463,0.5,1.8,.282,1.8,3.2,.567,.514,0.9,1.4,.632,0.8,3.1,3.8,3.3,0.8,0.6,1.0,1.5,6.0,iguodan01
215,Quincy Acy,PF,27,BRK,70,8,19.4,1.9,5.2,.356,1.5,4.2,.349,0.4,1.0,.384,.496,0.7,0.9,.817,0.6,3.1,3.7,0.8,0.5,0.4,0.9,2.1,5.9,acyqu01
216,OG Anunoby,SF,20,TOR,74,62,20.0,2.2,4.7,.471,1.0,2.7,.371,1.2,2.0,.604,.577,0.5,0.8,.629,0.6,1.9,2.5,0.7,0.7,0.2,0.6,1.8,5.9,anunoog01
217,Dāvis Bertāns,PF,25,SAS,77,10,14.1,2.1,4.8,.440,1.2,3.3,.373,0.9,1.5,.588,.568,0.5,0.6,.816,0.2,1.8,2.0,1.0,0.3,0.4,0.5,1.2,5.9,bertada01
218,Gorgui Dieng,C,28,MIN,79,0,16.9,2.4,4.9,.479,0.2,0.8,.311,2.1,4.1,.511,.504,1.0,1.3,.775,1.3,3.2,4.6,0.9,0.6,0.5,0.7,1.9,5.9,dienggo01
219,Frank Ntilikina,PG,19,NYK,78,9,21.9,2.3,6.4,.364,0.6,2.0,.318,1.7,4.4,.385,.414,0.6,0.9,.721,0.5,1.8,2.3,3.2,0.8,0.2,1.7,2.3,5.9,ntilila01
220,Deyonta Davis,C,21,MEM,62,6,15.2,2.6,4.3,.608,0.0,0.0,,2.6,4.3,.608,.608,0.6,0.9,.667,1.2,2.8,4.0,0.6,0.2,0.6,0.5,2.0,5.8,davisde01
221,Jonas Jerebko,PF,30,UTA,74,19,15.3,2.1,4.6,.466,0.9,2.1,.414,1.3,2.5,.511,.562,0.6,0.8,.807,0.7,2.6,3.3,0.6,0.3,0.2,0.4,1.7,5.8,jerebjo01
222,Bismack Biyombo,C,25,ORL,82,25,18.2,2.2,4.3,.520,0.0,0.0,.000,2.2,4.3,.521,.520,1.2,1.9,.650,1.8,4.0,5.7,0.8,0.3,1.2,1.0,1.9,5.7,biyombi01
223,Dante Cunningham,SF,30,TOT,73,25,21.4,2.2,5.0,.451,0.8,2.3,.345,1.5,2.7,.541,.530,0.4,0.7,.596,1.1,3.0,4.1,0.7,0.5,0.4,0.5,1.5,5.7,cunnida01
224,Shaun Livingston,PG,32,GSW,71,7,15.9,2.4,4.8,.501,0.0,0.1,.000,2.4,4.8,.509,.501,0.7,0.9,.820,0.5,1.4,1.8,2.0,0.5,0.3,0.8,1.6,5.5,livinsh01
225,Norman Powell,SG,24,TOR,70,18,15.2,2.1,5.3,.401,0.8,2.7,.285,1.4,2.7,.516,.472,0.5,0.6,.821,0.2,1.5,1.7,1.3,0.5,0.2,0.9,1.6,5.5,powelno01
226,Vince Carter,SF,41,SAC,58,5,17.7,2.0,4.9,.403,1.0,2.8,.345,1.0,2.0,.483,.504,0.5,0.6,.757,0.3,2.2,2.6,1.2,0.7,0.4,0.6,1.7,5.4,cartevi01
227,Pat Connaughton,SG,25,POR,82,5,18.1,2.0,4.8,.423,0.9,2.6,.352,1.1,2.2,.506,.518,0.5,0.5,.841,0.4,1.5,2.0,1.1,0.3,0.3,0.5,1.5,5.4,connapa01
228,Wesley Johnson,SF,30,LAC,74,40,20.1,2.0,5.0,.408,0.8,2.4,.339,1.2,2.6,.471,.489,0.6,0.8,.741,0.4,2.5,2.9,0.8,1.0,0.8,0.7,2.0,5.4,johnswe01
229,Maxi Kleber,PF,26,DAL,72,36,16.8,2.1,4.3,.489,0.6,1.8,.313,1.5,2.5,.613,.553,0.6,0.8,.746,1.0,2.3,3.3,0.7,0.4,0.7,0.4,1.6,5.4,klebima01
230,Zaza Pachulia,C,33,GSW,69,57,14.1,2.2,3.8,.564,0.0,0.0,.000,2.2,3.8,.567,.564,1.1,1.3,.806,1.3,3.4,4.7,1.6,0.6,0.2,1.0,1.8,5.4,pachuza01
231,Corey Brewer,SF-SG,31,TOT,72,18,16.8,2.0,4.4,.449,0.4,1.5,.282,1.5,2.9,.539,.498,0.9,1.3,.722,0.6,1.5,2.1,0.9,1.1,0.2,0.7,1.9,5.3,breweco01
232,Ed Davis,C,28,POR,78,0,18.9,2.2,3.7,.582,0.0,0.0,.000,2.2,3.7,.584,.582,0.9,1.4,.667,2.3,5.0,7.4,0.5,0.4,0.7,0.8,2.4,5.3,davised01
233,Daniel Theis,C,25,BOS,63,3,14.9,2.0,3.7,.541,0.3,0.9,.310,1.7,2.8,.617,.579,1.0,1.3,.753,1.4,2.9,4.3,0.9,0.5,0.8,0.9,2.5,5.3,theisda01
234,Tyus Jones,PG,21,MIN,82,11,17.9,1.8,4.0,.457,0.5,1.6,.349,1.3,2.4,.528,.526,0.9,1.0,.877,0.2,1.4,1.6,2.8,1.2,0.1,0.7,1.3,5.1,jonesty01
235,Royce O'Neale,SF,24,UTA,69,4,16.7,1.7,4.1,.423,0.6,1.7,.356,1.1,2.4,.470,.496,0.9,1.1,.803,0.4,3.1,3.4,1.4,0.5,0.2,0.8,1.5,5.0,onealro01
236,Ian Mahinmi,C,31,WAS,77,0,14.9,1.8,3.2,.556,0.0,0.0,.000,1.8,3.2,.561,.556,1.2,1.7,.703,1.8,2.3,4.1,0.7,0.5,0.5,1.3,3.0,4.8,mahinia01
237,Thon Maker,C,20,MIL,74,12,16.7,1.8,4.3,.411,0.4,1.4,.298,1.3,2.9,.467,.460,0.9,1.3,.699,1.0,2.0,3.0,0.6,0.5,0.7,0.6,2.2,4.8,makerth01
238,JaVale McGee,C,30,GSW,65,17,9.5,2.1,3.4,.621,0.0,0.1,.000,2.1,3.3,.638,.621,0.6,0.8,.731,0.9,1.7,2.6,0.5,0.3,0.9,0.4,1.4,4.8,mcgeeja01
239,Álex Abrines,SG,24,OKC,75,8,15.1,1.5,3.9,.395,1.1,2.9,.380,0.4,0.9,.443,.540,0.5,0.6,.848,0.3,1.2,1.5,0.4,0.5,0.1,0.3,1.7,4.7,abrinal01
240,Amir Johnson,C,30,PHI,74,18,15.8,1.9,3.5,.538,0.1,0.4,.313,1.8,3.1,.570,.558,0.7,1.1,.612,1.7,2.8,4.5,1.6,0.6,0.6,0.7,2.6,4.6,johnsam01
241,Zach Collins,C,20,POR,66,1,15.8,1.7,4.4,.398,0.5,1.7,.310,1.2,2.7,.455,.458,0.4,0.6,.643,0.7,2.7,3.3,0.8,0.3,0.5,0.9,2.0,4.4,colliza01
242,Treveon Graham,SG,24,CHO,63,2,16.7,1.5,3.5,.434,0.6,1.5,.412,0.9,2.0,.452,.525,0.7,0.9,.695,0.7,1.3,1.9,0.9,0.5,0.0,0.4,1.7,4.3,grahatr01
243,Sam Dekker,PF,23,LAC,73,1,12.1,1.8,3.5,.494,0.1,0.8,.167,1.6,2.7,.593,.514,0.5,0.8,.661,0.6,1.8,2.4,0.5,0.3,0.1,0.5,1.0,4.2,dekkesa01
244,Lance Thomas,PF,29,NYK,73,31,18.5,1.4,3.7,.382,0.7,1.7,.403,0.7,2.0,.364,.476,0.6,0.7,.830,0.6,1.8,2.4,0.6,0.4,0.2,0.5,1.8,4.1,thomala01
245,Kevon Looney,C,21,GSW,66,4,13.8,1.7,2.9,.580,0.0,0.1,.200,1.7,2.8,.590,.583,0.6,1.2,.545,1.3,2.0,3.3,0.6,0.5,0.8,0.5,1.6,4.0,looneke01
246,Cedi Osman,SF,22,CLE,61,12,11.0,1.5,3.0,.484,0.5,1.4,.368,1.0,1.6,.586,.570,0.4,0.8,.565,0.3,1.7,2.0,0.7,0.4,0.0,0.5,1.3,3.9,osmande01
247,Patrick Patterson,PF,28,OKC,82,3,15.5,1.3,3.2,.398,0.8,2.1,.386,0.5,1.2,.421,.523,0.5,0.6,.870,0.4,2.0,2.4,0.7,0.6,0.3,0.4,1.1,3.9,pattepa01
248,Sindarius Thornwell,SG,23,LAC,73,17,15.8,1.4,3.2,.429,0.3,0.8,.377,1.1,2.4,.448,.479,0.8,1.2,.670,0.5,1.5,1.9,0.9,0.7,0.3,0.7,1.7,3.9,thornsi01
249,Wes Iwundu,SF,23,ORL,62,12,16.5,1.5,3.5,.427,0.1,0.7,.196,1.4,2.8,.488,.447,0.5,0.8,.723,0.6,1.6,2.2,0.9,0.5,0.2,0.5,1.3,3.7,iwundwe01
250,Salah Mejri,C,31,DAL,61,1,12.0,1.4,2.2,.642,0.0,0.0,.000,1.4,2.2,.657,.642,0.6,1.1,.576,1.4,2.6,4.0,0.6,0.4,1.1,0.6,2.0,3.5,mejrisa01
251,Malik Beasley,SG,21,DEN,62,0,9.4,1.2,2.9,.410,0.5,1.3,.341,0.7,1.5,.469,.489,0.4,0.5,.667,0.2,0.9,1.1,0.5,0.2,0.1,0.4,0.6,3.2,beaslma01
252,Terrance Ferguson,SG,19,OKC,61,12,12.5,1.1,2.8,.414,0.7,2.0,.333,0.5,0.8,.612,.533,0.1,0.2,.900,0.3,0.5,0.8,0.3,0.4,0.2,0.2,1.4,3.1,fergute01
253,Tim Frazier,PG,27,WAS,59,11,14.2,1.2,2.9,.395,0.3,0.9,.304,0.9,2.0,.440,.445,0.4,0.5,.767,0.3,1.6,1.9,3.3,0.8,0.1,1.0,1.6,3.0,fraziti01
254,Semi Ojeleye,PF,23,BOS,73,0,15.8,0.9,2.6,.346,0.5,1.7,.320,0.3,0.9,.397,.452,0.3,0.6,.610,0.5,1.7,2.2,0.3,0.3,0.1,0.3,1.2,2.7,ojelese01
255,Ekpe Udoh,C,30,UTA,63,3,12.9,1.0,1.9,.500,0.0,0.0,.000,1.0,1.9,.504,.500,0.7,0.9,.750,1.1,1.3,2.4,0.8,0.7,1.2,0.3,1.7,2.6,udohek01
256,Josh Huestis,PF,26,OKC,69,10,14.2,0.9,2.6,.330,0.5,1.7,.287,0.4,1.0,.403,.420,0.1,0.3,.300,0.6,1.7,2.3,0.3,0.2,0.6,0.4,1.2,2.3,huestjo01
257,Brandon Paul,SG,26,SAS,64,2,9.0,0.9,2.0,.433,0.2,0.8,.278,0.6,1.1,.548,.492,0.3,0.7,.512,0.1,1.0,1.1,0.6,0.4,0.1,0.5,0.9,2.3,paulbr01
258,Eric Moreland,PF,26,DET,67,3,12.0,1.0,1.8,.541,0.0,0.0,,1.0,1.8,.541,.541,0.2,0.4,.379,1.2,2.9,4.1,1.2,0.5,0.8,0.6,1.7,2.1,moreler01
259,DeAndre Liggins,SG,29,TOT,58,4,12.5,0.7,1.8,.377,0.3,0.9,.358,0.4,0.9,.396,.467,0.0,0.1,.400,0.1,1.2,1.3,0.8,0.6,0.2,0.3,1.4,1.7,liggide01